sCas,Sequence,Len_Sequence,strand_Cas,Start_Cas,End_Cas,Scaffold_cripr_info,Scaffold,Start_crispr_flanking,End_crispr_flanking,Copies,Len_Repeat,Len_Spacer,Strand_Repeat,Seq_Repeat,pep_id,orig_Scaffold_name,MOTIF: RxxxxH,motif_count
sCas_1,MHHNLFSYAERKNLVDPGFADRQVSHQIVIDLKGKWISGQRVTSGTEPYVTLRAPMQSGRTSGSTVSAVVESGACYFGLKTDAKATTPARAAKVARRGLELQHVYREHTRQMATDTRDPYAEALSKFVDALAEGTYGTPSEAAVKCLGWSDGKPLTGSEWITVVVRANNELTPVYESPRVKEWIRAHRPIQSGGAGGELITCIVTGRRGPLCNTQPQIKGLPGAKGGSSALSSFNKPAWCSSWRSFELIQGANAPVIQDVAEGMSAAANFLLERVAIPFKRTDGTIGVRYKPRGGVYLNSSGKPQPGDAVFLIWTGDPHTELPVRGAVTALIAGPSTEPTETFLRIEDADEASVRSLLSVEADEKIVEELIAVHRTGRTMPLFREDYFHSLLISDNGRVVYRNAVSGTIGDLRRRIQQYSDDMHLPIPSNNRPRPLSQLLAALRTRMDERFPSSTVDGMLHCILQGERVPVEIADAALRRCNTYPGDNDGRKQWRRLLPVRCSLLKLDLIRKGIPVTIHADPLKSQNLIVMPIPMVIGCIMAEANYVQNIAINHPQHSSLSRTEIVQSPYNVLPDVLTLHTKHIKKLNSKRRGGMAMLSQKRMNALVTRLGVEGPLTETDEAALSLAQIPQRLTKEQQMLFWIGFNNYTGWLWEEYRKRTAARARAEEVEVPNQSLSDGEDQDEEGNDD*,690,-,3178,5247,sseq_56_41_909_4;sseq_56_1058_184_4;sseq_56_1276_556_4,sseq_56;sseq_56;sseq_56,0;0;0,12950;13242;13832,13;3;8,36;38;36,36;35;38,-;-;-,GTTTCAACCCTCGCGACCGCGGATAGCGATCGCGAC;GTTTCAACCCTCGCGACCGCAGACAGCGATCGCGACCT;GTTTCAACCCTCGCGACCGCGGATAGCGATCGCGAC,sseq_56_41_909_4;sseq_56_1058_184_4;sseq_56_1276_556_4,scaffold_54_c1;scaffold_54_c1;scaffold_54_c1,REDYFH,1
sCas_2,MKGELGRLRDAFWHTCRAAAAEPPGWYQLSAPSSIIDAQSLACYAVGHAVRHGLRRVIVVCATQAALEQRVEALRGICGGALVVPSAFDSRNRGIQVAIEDWDAPVIATTLRDLIGLLFDNKPASCRRLHRIACAMVLVEDVWRLPAPIAPAVVDTLRTLAAHFRSTVTFVSTIAYPNVEGAKEIGMPEAFKRLEPRTTTRWPKLRAKAPTCPKLIRSLRPRANADCLVVWNSPRSLRAFADSAGNARWIYLSSLMCPRDRREVLRVVHDHKCAGQPLRLATDLVGETLDATFEAVWREMSDLPSLAVTGQRADAGDHRAATYRVFPAVELSLEAHVTRLLLLDGSLHLTAKTTWTSYDRDLKVTRGRCTWAEDLQCDREQLRFRTIAGKILRVGGKHPVPSNVALGDANLVPVVVPAPPREGQESVKALIKRLAASGPDKLLLRQLMDFTVWVDVETRNQYLRDGRARWVADAVVYLRDAQSYDQFGLRDE*,493,-,5924,7402,sseq_56_41_909_6;sseq_56_1058_184_6;sseq_56_1276_556_6,sseq_56;sseq_56;sseq_56,0;0;0,12950;13242;13832,13;3;8,36;38;36,36;35;38,-;-;-,GTTTCAACCCTCGCGACCGCGGATAGCGATCGCGAC;GTTTCAACCCTCGCGACCGCAGACAGCGATCGCGACCT;GTTTCAACCCTCGCGACCGCGGATAGCGATCGCGAC,sseq_56_41_909_6;sseq_56_1058_184_6;sseq_56_1276_556_6,scaffold_54_c1;scaffold_54_c1;scaffold_54_c1,RDAFWH RTLAAH RVVHDH RVGGKH,4
sCas_3,MAKIIALYINELIKISKKISVYIILIVMLVGMFLTGGLLKYSQDRMKSQTTNTNSASFMKDDMQSRLTNLQSQLATTNTQIASASPEQKKLLDVDVTNLGYQIDSLNTAITMNVYLYTTYYIAQAIQDLCDYKTEANNLAALPAETLTQAQKDVQTLLASLIPRMDSVITNKSFKDYTSIINEKLSADTGMSQTDKDIQLEQNNLRLKHNVTNEDKNSTLGRFQISMTSDDVINNIGIARRSLANNLDFSASQNAPIPLTSDRRAQITDDVTVYLKQLDTGAIQTNNFSLMGNVIGVGIFMIELLLLILAGGAISQELSTGSIKSLIISPTKRWKIYVAKLLSLITVGVIAAIICYFIGMLVYGVFFGLSSVSPYIYASSGNAILMNFYLFTFAKLFIGLIEVAFYMVLALMLSTITRNTAASVGISIGVLFGGIIAYTILTNLLTGEWLKFLPFANFDFSSKIFTFDPSIAASSSVNTTIAFSTIYIIITLCLMFYIGLDSFNRRDIK*,510,+,4835,6364,sseq_780_34_642_5,sseq_780,0,12676,10,32,35,+,GTCGCCCTCTTCACAGGGGGCGTGGATTGAAA,sseq_780_34_642_5,scaffold_782_c1,,0
sCas_4,MDELDILSKIKNHRDFKADFEIWNKIESRIKTQEHVPLNASGRKQVIFRYAFVASFAVVALTTFAVSQLSLHTVNTGLLITHSSANLVNSHALSSSSLAVVNSSAKNSASVTVSQPSSSVPKQSAVQNPIAGGTNIKGPLIWPTSTYFKYMDIYYKKVIPEYYRNVMDHSDSANDFADIQTKIVKNIGGNFYEIEGSDPSKSLAIYLGGYYYRINYAFSDTVSFNGNPYLISMNIGKVGKSLGKVGGFDAYELSGSDTSNEIVVKIESFNANCIAYQILSSVSFNGQTYYLKANESNIDSHINEKYIGKSGPYDAYSYEGKDPSQSIVVHVNSSQEVEADLFITTVGTPPKSIYNSIFYTMYTQYASTKWKTHGIYIAGDSSYMNTQTQETYNSELGQKLGTDTIGGINYDLYEIKGIDSSQAIFVKNNQVLIRYYFAYPDIITFNGAKYTIGSISDSGVNYSYGIRGEQIGTAGSYKVYCIKNVDPAKAIIAYMIATSGTIAGSGGTETLIRMN*,516,+,7940,9487,sseq_780_34_642_9,sseq_780,0,12676,10,32,35,+,GTCGCCCTCTTCACAGGGGGCGTGGATTGAAA,sseq_780_34_642_9,scaffold_782_c1,RNVMDH,1
sCas_5,MMEYQKLFEKITKQYSEKIFGWAINKTFSRDKGEELAQDVFCAIFTALIKSPKIENLDAYIWRIAHHTWCNCARKHQKEKVIIGFDEGLLEINEIDENLENIAEQMALSEELCIMRKELANLNRLQRDCMIFYYLDGLSVAQVAMKLDTTESTVKWHLFDSRNKLKKELISMQNDNQRIYRPGKLGVALSGSYNGELSECDTGIVSRSLIMQNICLLCYREPKTIDDIAECTGISKPYFESDLNWLLEHEFLIKKGIKYYTDFIIYGWRSWQLNQGVFADTRKEYVDIMLDFLIKNEKKIRDIGFYGSDMPYSRLMWPLIMIFAELLEFFSPSRKKIRTEYEYPLRKDGGNYEPLHMDGRRSFWIGIYDILKSGNFDYVFNYDKYGNITELYCECGKGEVDISAFTDKQKEHLALAVEKGWVKKDGNYYHPQFPIFTFDQFNQLTNLFKPFFDQIEPQTEKVINNIEKVFRDDAPSQIKNKSGFVISNMFSWLNFMMMMFAYEKGLLTVPDDCEQKRITTLLLVDKKI*,529,-,10440,12026,sseq_780_34_642_11,sseq_780,0,12676,10,32,35,+,GTCGCCCTCTTCACAGGGGGCGTGGATTGAAA,sseq_780_34_642_11,scaffold_782_c1,,0
sCas_6,MSWMLKLYETYENCSNVIGVDKYDGKLPLLPICHTTQMAHIEVVLDSDGNFLRATAIPKQEARTIIPCSEDSANRAGSANYPHPLFDKLQYVAGDYNEYGGCKGNEFYKSYIEQLGKWCRSIYVNQKVLSVYNYLCCGKLISDLISYKVLFTDDNGRLLENWNGDKKDTPLIFYLLKTHVNNKNIIFIGQSEAFVRFKVEVGGDEESALWKDVEVRDSFIKYYIALQSNRDICCVTGEKIILAEKHSSKLRNDGDKAKILSSNDNDGFTYRGRFSDANQVVSIGYDTTQKAHLALRWLINKQGYIYSDKEQIQAIVVWSTQNQNIPTLMEDTFDTFYDNKEESNVAFTDENFAKKFNQKIRGYNTNIDFKSEIVIMGLDSATTGRMAITFYRELKGSEYLKRIEDWHSSCSWKHDYKSVEKNNNGKKTFQYVRFIGTPSPKDIAFSAFGKKASEKIIKKTCERILPCIADGSNIPIDLVFQTVRRASNPISNTTKPTSTENIEWNKTLSIACSLYKKYYFKEDYKMSLEEDRRTRDYLYGRLLALADNLESWALNESKEKRQTNAIRLMNRFSQHPFATWQIIENSLTPYKAKLGGKSINLQNSITKVMAMFETEDFINDKPLSGEFLLGFHCQRDSLRTKKDVLAKTE*,650,-,4201,6150,sseq_1133_178_912_5,sseq_1133,0,13090,14,33,34,-,GTTTCAATCCACGCCCCCTGTGAAGAGGGCGAC,sseq_1133_178_912_5,scaffold_1146_c1,RIEDWH,1
sCas_7,MFIAHKREFDGEEQSVKEHLVEVARLAEGFGDSIAHIRESDGSVQTLTEHLLKTAEYCKRDGEKIEITNLSYLVGLIHDFGKESDEFQSYIRTSSKDNAYKELKGKIDHSTAGAQLLEKYLTDSSAFDKLTLQIASLAIVSHHGGILDCLNTGGDDVYTKRMEKNDEKTYFSKICDTFDEEILLKIKDEIDSKKAVLEMTEIFKKIKSYSKNNASTCFSLGLLTRYLFSCLVNADRQDTYEFMANQKILDSNFSWDDLIQKLDVYLKSVSKENKINNLRQRISNECCDFSNSETGIYELNVPTGGGKTLSSLRFALNHCKSKSKDRIIYVIPFTTIIDQNVKVVRGIFKNDDVILEHHSNLGEQSESEKSELLCENWNSPIIFTTMVQFMNTLFGSGTKNPRRMQALANSVIIFDEIQALPIKCIYLFNEAINFLKNICNATIILCSATQPNLSTVDRNLLVSDIKIINNLDEYYDEFKRVKVTDKQKIGGYLTEEIMEFAVNEISNIDSILIIVNTIKMASKLYEILSQNETLKSDGCNIFHLSTNMCPAHRLITIRYIKKKLKNKKTICISTQLIEAGVDISFDCVIRSITGLDSIAQAAGRCNRNASSLSLGNVYIINPVDENVEKLTDIRCGQEVTKRVLNEFHNNPNAFKNDIISPLSIKRYFDYYYHERKNQMYYPVEKKEYNLFNLLSLNEISKGNYQTKNGQVCKLLLPQSFKTANEEFCVIDENTISVIVPFCRKGKKIVARIKDNKTLKDMKKLLKQAQRYTINMYQTEFNKFRKMGAIQYLNIEMEIYELSTEYYDKSIGLTENRNMQNLIIGVKDFGKGKQG*,835,-,6906,9410,sseq_1133_178_912_7,sseq_1133,0,13090,14,33,34,-,GTTTCAATCCACGCCCCCTGTGAAGAGGGCGAC,sseq_1133_178_912_7,scaffold_1146_c1,RFALNH,1
sCas_8,MVLPFTNIIKQSVETYRDMLVLPGENADEVVAELHHRADFESEDTRYLTALWRAPIIVTTAVAFFETLASNSTATLRRLHELPGSAIFVDEAHAALPASLLPIAWKWINIYATEWNCYWVLASGSLNRFWTIPEITDASNPNSVPEIIDNELRNRLSVYENRRISYHSDLCPKGTAELADWIVGFPGPRLVIMNTVQSAAVLADYFAENFGCECVEHLSTALISNDRDDTLKRVIKRLKNKEATDWTLVATSCVEAGVNLSFRNGFRELGSLVSLLQASGRVNREGDLGNSQMWTFCISEDGLLKLNPGLKQSATVLKGYFERNRTIAPELSTQSISDEIALYGLSGKHKKLISAEELQNFPQVEHDFKVIDTDTRLVVVDSTVADRLRYGKVDWRELQRVSVQIAKYKLVELKTPMIIDNIYRWNLDYNDFLGYMAGIVKLKKYSGGVIII*,453,-,2723,4081,sseq_4744_42_365_6,sseq_4744,0,12407,6,29,38,-,CAATCCACGCCCCCTGTGAAGAGGGCGAC,sseq_4744_42_365_6,scaffold_2788_c1,RRISYH,1
sCas_9,MLFANISGIFALPKEIVDGILSELPVEKQGKKDTSAATVDISGIEVDEDGNVVVPPETIISKKNELFGDKVYDVSAMTNAVETAVGEVSSEAHVPKDVTAKIVDVAMDLAKPIIVDTVKTGFELTNAQADKIEKQLKEIITEKVKKVENDNYRKQFEVRQKAAEGIKIAEKSLGEDELETAMKEIEAKQQEEFDKLQAEFTKSLNETIKETIEEQKTVQVEEQAQIKAKKNKDSKEEEVRGHLRGFARTIPSFLMAYGERDTKLSNFDDYTPEEVFLEVTGITEEQFRLLRDGGPYIDEKTGEEKHFSGGLFNEIVFDEAIQEFLNIRERLADYFDESHEEDVFNYIPPQETNQIFTPKQVVKMMVQNLEDEDPHVFEDPNKTFIDLFMKSGLYITELVKRLFNNPVMKEKIPDNDERMKHILEKQLFGLAPSDIIYHIATNYIFSFDTENRISREHFKSVDTRPAVKDGKLDELLAATFDDLKL*,486,-,3137,4594,sseq_3984_12_366_5;sseq_3984_477_433_5,sseq_3984;sseq_3984,0;0,12378;12910,6;7,32;32,36;36,+;+,GTCACATCCCCCGCACGCGCGGGGATTGAAAC;GTCGCATCCCCCGCACGCGCGGGGATTGAAAC,sseq_3984_12_366_5;sseq_3984_477_433_5,scaffold_4033_c1;scaffold_4033_c1,RISREH,1
sCas_10,MKISASIPEFSRETIPHFPHEKAFKHQLEFYKARGKDIILKSPTASGKTEAFVFSFINDYLNAEARLKQLYLVPTRLLMYSQLYNLVAYLDHFKIPHKVLESNYSFSELFKHLWENDFIISSPDIIFYMLLRRKNTQHIRFQYDAFVQALHSIIFDEVHLFDTYTLFNIKNLARIMKCIKPEVHVYLLSATINLKDVITPAEYAIIDGMSYTKEIAVVGQELNYLNSAAVIKYLEEQEFTNNTVYVCNSVDRALRLHNHFEGSACLVGKTWYEEGALTRDEQIKSNLEKCKEGALTFSTSVFRQGVDVPIRRLITEQPLNLQDAIQTFGRCGRHEESYFTILTSKRSLLDALNATEEKSRKEFEDLLVKFFKPAQYEKLKRMMNAMWYKLYNRTKLKQQVEALLTPDMKKDFEDFEEFLPDLSFREPMPCVKYGDLAVNLFDVLRFKDAYMNLFPSDDSFVIGELRDSGRFTRREYKRAKPSELPFFTLTQAKRFEETKYYTLQLKLRDIAFKLSAKLGPLGQYRYALVDKRALIPRQKSFEPSAFFE*,549,+,69972,71618,sseq_29_76597_996_7,sseq_29,64596,89593,14,37,36,+,GTTTCAGAGAGTCCCTCGATAAAATGAGGATTGAAAG,sseq_29_76597_996_7,scaffold_25_c1,RETIPH RKNTQH RALRLH,3
sCas_11,MMTNNVLFTPVKEWGPRKETFIEHAIETYHVGKYLHTQLKLDLDRKKYLYACFFHDAGKLMIKLGKEGHTPRSREGLDLLKSTDAYEALIQNFELADYAGDEYVLASIEKHHNSDDFFSAFVSIADQIASSNSNDDLKNRLKKRAISSLVTYLNEMHGFGSTNFFALEIPSFSKNELNAVGRLLLLKLLYETIEGLDSDTHLLYETITGCRIATSHPKDELGNLVSSAFSANLVEFIRKQDLSKLIRGAPDGYRQLCTLPFELKPELERLTVLKYAQDIVKALKRHNLERLEDVGLDEDILLRFSNLNQLKRLSGSTSSFKYALLADTANRYSQWVADAFKLKRVETSARAGRPVLEELLEEAGADTEKITRREIVYGKICSMAKAISSIQGCDVEFRASVADYLTIDGGVAGGNIATANTCANCGTFEGTIPLETFTFGHRQHYRESLFRKTNSEVRDGGILVCDLCHVEALLNTLLSGITIENQRARVNTKTHLVLYGLDIDKQVINELADERLIERLLRDFKITQESIYVTRQTDLQIVLLSLVPWNVGIQNETYRHLLFSLIATRLREANPLILAFGVNKSPTVLNNELLQFSEKDAKILTGDQVDFFEYVFADVNTDYRRQRDYILRYKNDPFIGLAQIFKRESIRFGEQENEMVNKLAKDDSLYEITDQIWEMARIGGGLEPGKNVGSFLGVFQGKPEDLDRVVNKLLKNDKLSAEKRGQIIELHESARAALLALPEKRQRELKDYVQKTKYLFNSKKFYELKQTKGGS*,776,+,71621,73948,sseq_29_76597_996_8,sseq_29,64596,89593,14,37,36,+,GTTTCAGAGAGTCCCTCGATAAAATGAGGATTGAAAG,sseq_29_76597_996_8,scaffold_25_c1,RIATSH,1
sCas_12,MILRSLKLENVRSYKTATIAFPQGISLFEGDIGSGKSTILMAIEFALFGLGSQKGGSLLKTNESKGSVSLAFAVDGDEYVVRRTLVRKGGNVQQGEGHLEGPAGVTGFSPAELKERILEILEFNEPRDPRAQSLIYRYAIFTPQEEMKEILALNAKERLQTLYKVLRIEDYKIARDNAQLVVTACHTRAAILEASASDVETKRAELRSLGTDIRQAEQTIAHKRIEERTMQGKLDALNERLDDLRGQKELLAQAEGRIPQLEQQIARAQGEIKAAQRELGDATEELARREHEMEGLRQLKMPTERDEREVKASIDVLSQLQAQLVQSVAFVDSTLDNYERIRADGICPTCGRKADATQCAKKIAAENAKRDAAQQQIDDTERDLTEAGALLSALEAYGRSQDTLALLQEPADMVRQKIARNEEKNRTAEHEIITLGESLEQARDEVQRMKQIAADLVNLEAKRRKATDALSRIGKELSSLEATVAQQKKLVEFLEREIEAKERDLKKARLLTENKIWLEDYFIKALEAIERHVMIAFQQEFNQFFQQWFELLVEDPTKSARIDEEFTIIVEQDGYEQNVNYLSGGEKTSVALAYRLALNMIVRKVATSMESNLLILDEPTDGFSKEQLLKVQDILTELECPQVIIVSHERELESFADQIFRVSKEDGISTIAVA*,675,-,78715,80739,sseq_29_76597_996_14,sseq_29,64596,89593,14,37,36,+,GTTTCAGAGAGTCCCTCGATAAAATGAGGATTGAAAG,sseq_29_76597_996_14,scaffold_25_c1,,0
sCas_13,MHQFAHIADVHLGANRRGKMAELEIGAFARAMDICITRKVDFIIIAGDLFHVGVPSDLNTVRQAVAKMREVNEHDIPIYAIYGSHDYTPTGTSIIDVIESAALLTKIVKPNVADGMLKLECVEDARTGAKLVGISARRMGLEREYYDILDRDDLERLKGFKIFAFHSGIDELKPEYLSKMDSIPVSLFPKGFDYYAGGHVHQHSEHHLPGYDRIVFPGPLFAGYGRDFEFTARGERRGFYVVSFDQTVTDVEFVETALIESMYKEYNLTGLNSSRAQDTLAESFDSLDVNGKIVVLKIRGELSGGKTSDIDFVHLQNMLYERGAVDVHLGRRGLTSADYTAIKVAGEDVTVIEERLFKENVGTVHTNIPELQGDSGVNLSLELLRVLKEDKNPAENKKEYEARMIEDALGVLQLKGAFEK*,421,-,80736,81998,sseq_29_76597_996_15,sseq_29,64596,89593,14,37,36,+,GTTTCAGAGAGTCCCTCGATAAAATGAGGATTGAAAG,sseq_29_76597_996_15,scaffold_25_c1,REVNEH,1
sCas_14,MEELEIVGQVIAGKVAHILIREKTDAKIELGNLLVAENGEGGSLILQVHNLFYGSQVSQNLLELTAGLELEGRGGSLEFFDPSLRNYVLAEARAVALVSGTQVTIPKALPDFFSSVRHVINEDLQFMDVPENTAFLGKVRSGSNVLDVPVRLNAQDLFTHHVLIPATTGRGKSNLVKVLLWSVVNDDDLGVLVLDPHDEYYGGRGKELGLSNHPDAKLKIKYYSLAAPAGTSTLVINLKSIMPWHIEELVNLTDAQSEALYGYYFAHKKDKQWIEAIFTGERPEHVAEMTAAVLQRKFKTALGLDVNEQGDLICHNRAFSTTSGESTLSEMIAALESGKIVVVDTSRLSDKAELLIGSLVINEVLTKYQRYKQETGSSGVSKLEDKPVVSIVIEEAPRVLGADVLSQRGDTTYSTVAREGRKFKIGLVAITQLTSVIPNTVLANMNTKIIFGNEMAIERNAIINSAAQDLKEDYVTIGSLDKGEAIVSSIFTKFAVPIQVPLFDDYVAEYAKSMNDPGDKHDINKKRNRIVV*,533,-,82012,83610,sseq_29_76597_996_16,sseq_29,64596,89593,14,37,36,+,GTTTCAGAGAGTCCCTCGATAAAATGAGGATTGAAAG,sseq_29_76597_996_16,scaffold_25_c1,,0
sCas_15,MSKHESRIKKLETHRTSTATGETNIPRDPVAFATLLDIEPDPWQRDLLTATDEYIILNCCRQSGKTTIVSVLALHHALIHPKSLVLIFSPSERQSKEFLKKIQDYYSELGSPGGSLANSASTLELTNRSRIVALPSSEATVRGFSAPSLVLVDEAAQIDEELYYAVLPMLVVSRGRLILLSTPLGKRGIFWDAWEQQDGWKKLKVTGDQCPRISDDSLAQAREEMGELRFAQEYLCEFVQSEGSIFKEEWVQYFHPADRPDMDTIIQSWDTAQTKSTSSDFVVGQVWGRRDADFYLLDQVRGRWDFDETVDAIKQVTKTWSESSAIIVEAQSLGAALASHLKRQISGIIPIHVKQSKELRAMNCIPAWQSKNVFIPHPDKRQWVREYVSELTNFPNAAHDDQVDATTLALNQLRGALFPNMRTTAKPIKEKPVQSEHEYFIGWIPARLNDEYTVLVYDLKDNEVVKFFRAPAQPIEQQVRTICQTSVMYNSAACRVIEGYDDALTYSAELKGTYVQKIKFNAAKFAAAYENLSQLISNFLVDIPEYPELMAELSVFKSAFTYDEKPDYSLQIAQQSGIHAPCLVTYDLDPTMWEWEPDIYANFDFEIV*,609,+,85575,87401,sseq_29_76597_996_19,sseq_29,64596,89593,14,37,36,+,GTTTCAGAGAGTCCCTCGATAAAATGAGGATTGAAAG,sseq_29_76597_996_19,scaffold_25_c1,,0
sCas_16,MLHLDGSWFKDDAGRTLLLRGVNLGGDSKVPVVPDGATHLAQGFFDHRMVSFVGRPFPLSEAVEHLSRLKSWGLTLLQFLVTWEAIEHAGPGLYDTEYLDYIEQVVQLAGDMGFTVFVDPHQDVWSRFTGGDGAPGWTLEAVGFDMTRFVDACAAIVHQTHGDPFSHVIWPTNASRLASATMFTLFFGGNDFAPHLLVEGEPVQEYLQRHYVDAVIQVVRRLKGKPCIVGYDTLNEPSHGYIGWKDLTAHDGLLRVDLQPTPLQSFALGDGLEQEVGVWGTGLGGARVQGHRQLNTGHVRAWKEGRPCIWRDHGVWTVDSDGDPRVLAPDYFSHVDGRDVDFERDYLVPFIRRYADAVRAADPEALIFAEGEPQALPPKVGDGCSGFVSAPHWYDVVPLLLNRSDEWLGYDTVRNRIVLGPRAVRRSFAWQLAAIRGAGTERLHGPTVVGEIGIPYDLRGGRAFRTGDYREQEALMDRSLRAVDSSLCSATIWNYTASNTNERGDGWNGEDLSIWSADQGRDTRVLDRGGRALRAVVRPYPVATAGEPLELSFDMHRRVLRFTFRHDPGVVEPTEIFVPPSQYPFGYRVWMTDGTFLKDDVRHVLTYRHTLGRPTHTIIIRPKQAPIKR*,630,-,1143,3032,sseq_1300_7031_1119_2,sseq_1300,0,20150,16,36,36,+,GCTTCAATTGGGCCGCGGTCTTTCAACCGCGGAAAC,sseq_1300_7031_1119_2,scaffold_1323_c1,RFTFRH,1
sCas_17,MNGKRIYSIAGGQCGRETLLAILREHPEIRFVSLVAIDLAGNDTDERIPIQTFVADIDAFLAGKAVQTDGSSVVLGGMTSLADAQVDLAPDLTATWFVDYNEEHVDHETSLPVGTLRIPSFLVHRGERIDSRSLLAATVEYARAEILKLVRIHASSPLLAHLEPARLADIEFTVGTELEFWVKTPTDTANVEELSAAQMLQENYWQRTRGVARTALEQAVMALEAYGLHPEMGHKEVGGVKAAIGAGGELTHVMEQMEIDWRYAAALQAADNELLARILVKETFRANGLKVTFKAKPIPGVAGSGEHTHLGIAGVLPSGRRINLFAPADMHADFLSVIGYGALMGLLRNYEVVGPFISASNDAFNRLKPGFEAPVCIVAALGLDPAIPSRNRTVLAGLVRDVDNPRATRFELRSPNPYTNTYLALAASILAMLDGIRWAVESGTPPEALLAEISKKAGEPGSYLEQDRAYRAEVNVFENYSQEERDRLFGIPPATVWENMQNLLAFPDRIRVLTAGSALTPRVIDAFRSAATARWKHELLVRIIPEDLDTVRACQPLALASDRAQDLWKRIDTLRHELADDTVGNPALCTRLMSTLSNNSLQEASELQVVLADRMEHLRQLEDEYRKLVF*,631,+,4473,6365,sseq_1300_7031_1119_5,sseq_1300,0,20150,16,36,36,+,GCTTCAATTGGGCCGCGGTCTTTCAACCGCGGAAAC,sseq_1300_7031_1119_5,scaffold_1323_c1,,0
sCas_18,MLAIDLQFIAGRFHATPWGNSPNEGVPEWPPTPWRIARALVSTALGKAQGVVDTDTIERLCHIFALPPMVHLPPATVAHVRHYLALYGNDPERGHSKSSLIFDTFVAVAPTDILTLYWPGLTLPESDLQSLDLLLSRLDYLGRSESWVRGKARSDGSVAAINCVPLSDDAREGDTSIVRVLCPKPSCTLEELQVETSDLQRERRPLPAGAIERSYARDQACFAIQPSPATMQPGTMPQLGAFLLDGPVLPPVRDTLLVADLFHKAAIQKHTTPSLQLSGKDDQGVPVKGHHHMYVLPSDEDGDGLLDHIFVYLRDGMQPDTLNALTAVRRLYRRDQDLTVVYLGSGAPQDVDIPTLGSSTVWESATPFLPMRHTKLRGTAEARRVVDTELEQLLTELGHQGLPAPVTAGVLPAALIHGRRTPWYDFRAVRQDRSPVGHACGFRITFASPVTGPILVGGEAHYGMGRFIAIKGRG*,475,-,8285,9709,sseq_1300_7031_1119_10,sseq_1300,0,20150,16,36,36,+,GCTTCAATTGGGCCGCGGTCTTTCAACCGCGGAAAC,sseq_1300_7031_1119_10,scaffold_1323_c1,RSPVGH,1
sCas_19,MTSLSILSKLISPKELGLLKNDFLKYSQFIEDIKKRMKTVGIAEADADIFNDLTNVNKEYKNIISILGFCNEISGRISGDYKNYYSKKYEYAEVLQNYIFGDISSYVKLKEFDCFDKKVYTDDDNPIIFSQIERSKAYGNDNIIKRLYEKCGNSLKVTSEDLKKYSEYDKDEKYKKYSNKGTLETQEEIEYMRKYTQLKNKVELNNIMNLSSMLYELFSHMVSWCYQWERDFEYFLLGAMYLKDKSRLNEIDSIYVYGKEVSIYGKTFKRAATNKVTGYLREMNKCENDKAMAQLVDDLFLKDRFAKEEYKIVTGKDGSNEFNSDTRVRLRNEIDHLEYFRKPVHSIIDYFNYFHDMLSYDRKLQNSVTKKFKNILESSNIVLEDKVIKFNPSKKSAFDTFTVGDVKSGLSTHKVKVDNNDKEEEKKVQIYSDEYIKAVNELLKLKD*,448,+,95,1438,sseq_3507_1699_220_1,sseq_3507,0,13919,4,22,44,+,GTTATACAATACCCCTAAATTA,sseq_3507_1699_220_1,scaffold_3557_c1,RNEIDH,1
